Iteration,rel. Discrepancy,Norm
0,1,0
1,0.865764,0.00808852
2,0.79668,0.0131748
3,0.773643,0.0157367
