Iteration,rel. Discrepancy,Norm
0,1,0
1,0.929748,0.00218543
2,0.898707,0.00346892
3,0.878979,0.00469557
4,0.874195,0.0050876
