Iteration,rel. Discrepancy,Norm
0,1,0
1,0.993261,0.00322546
2,0.987585,0.00635414
3,0.983841,0.00891005
4,0.980813,0.0114147
5,0.977135,0.0150157
6,0.973885,0.0187306
7,0.971598,0.0216423
8,0.968424,0.0260967
9,0.965105,0.0312686
10,0.961521,0.037404
11,0.957331,0.0452613
12,0.954327,0.0512824
13,0.952411,0.055282
