Iteration,rel. Discrepancy,rel. Norm,rel. Error
0,0.619396,0.25,0.75
1,0.457292,0.835267,0.932982
2,0.432368,0.756172,0.93197
3,33.6536,0.795147,0.933276
