Tolerance,Required Steps
0.9,1
0.9,1
0.854145,1
0.810626,1
0.769325,1
0.730128,2
0.692928,2
0.657623,2
0.624117,2
0.592318,2
0.56214,4
0.533499,6
0.506317,10
0.703086,11
0.729348,13
0.770216,15
0.800053,16
0.811737,18
0.831823,21
0.854992,21
0.854137,24
0.947029,4
0.998615,2
