Iteration,rel. Discrepancy,Norm
0,1,0
1,0.853273,0.27157
2,0.818073,0.343096
3,0.769715,0.48212
4,0.612207,1.10925
5,0.525357,1.44423
