Iteration,rel. Discrepancy,Norm
0,1,0
1,0.941516,0.215662
2,0.614353,1.40901
3,0.521324,1.69646
