Iteration,rel. Discrepancy,Norm
0,1,0
1,0.871776,0.29181
2,0.724712,0.766767
3,0.63652,1.06421
4,0.577067,1.25918
