Iteration,rel. Discrepancy,Norm
0,1,0
1,0.859565,0.0123733
2,0.796588,0.018295
3,0.775161,0.0206718
