Iteration,rel. Discrepancy,Norm
0,1,0
1,0.565879,0.822002
2,0.526048,0.926796
3,0.437828,1.45371
4,0.396516,1.81741
5,0.325422,2.86587
6,0.278573,3.76042
