Iteration,rel. Discrepancy,Norm
0,1,0
1,0.881075,0.0295707
2,0.827424,0.0473339
3,0.803076,0.0601806
4,0.762961,0.0957807
5,0.697237,0.172633
