Iteration,rel. Discrepancy,Norm
0,1,0
1,0.881099,0.0295599
2,0.827441,0.0473249
3,0.803097,0.0601693
4,0.762981,0.0957701
5,0.697253,0.172628
