Iteration,rel. Discrepancy,rel. Norm,rel. Error
0,1.62829,0,1
1,1.15087,0.0782744,0.958311
2,0.912698,0.188823,0.921266
3,0.736478,0.2103,0.916856
4,0.536316,0.314023,0.900601
5,0.42157,0.360849,0.876691
6,0.338545,0.407764,0.855684
7,0.283461,0.438561,0.833676
8,0.190551,0.507101,0.778447
9,0.116542,0.567325,0.734189
10,0.0803587,0.613915,0.708782
11,0.0580279,0.651483,0.685592
12,0.0457521,0.667724,0.663336
