Tolerance,Required Steps
0.9,1
0.9,1
0.855,1
0.81225,1
0.771637,2
0.733056,3
0.696403,5
0.661583,8
0.628504,11
0.729821,13
0.771387,12
0.732817,25
0.871752,18
0.828165,24
