Iteration,rel. Discrepancy,rel. Norm,rel. Error
0,0.77751,0.25,0.75
1,0.620338,0.430589,0.761981
2,3.50482,0.826494,0.903711
3,1.20989,0.734006,0.903698
4,0.899672,0.733997,0.903694
5,3.83316,0.733322,0.902601
6,1.09055,0.73247,0.902593
7,3.79599,0.729911,0.899464
8,1.28088,0.727375,0.899451
9,37.3601,0.723948,0.893879
