Tolerance,Required Steps
0.7,12
0.7,54
0.886667,1
0.7581,1
0.648175,385
0.55419,1
0.473832,1186
0.405127,2
