Tolerance,Required Steps
0.9,1
0.9,1
0.854145,1
0.810626,1
0.769325,1
0.730128,1
0.692928,2
0.657623,2
0.624117,2
0.592318,2
0.56214,3
0.533499,4
0.506317,4
0.48052,4
0.456038,3
0.432803,3
0.410751,3
0.389823,4
0.369962,4
0.351112,4
0.333223,4
0.316246,5
0.300133,5
0.284841,5
0.270328,5
0.256555,5
0.243484,5
