Iteration,rel. Discrepancy,Norm
0,1,0
1,0.878237,0.384443
2,0.629474,1.14373
3,0.48988,1.50732
