Iteration,rel. Discrepancy,Norm
0,1,0
1,0.814094,0.586823
2,0.56053,1.31971
