Iteration,rel. Discrepancy,Norm
0,1,0
1,0.76375,0.101384
2,0.726562,0.139453
3,0.701812,0.192298
4,0.660543,0.32138
5,0.570398,0.654419
