Iteration,rel. Discrepancy,Norm
0,1,0
1,0.89835,0.0064598
2,0.784166,0.0163447
