Iteration,rel. Discrepancy,Norm
0,1,0
1,0.897651,0.00885223
2,0.843495,0.0142302
3,0.819281,0.017692
4,0.806113,0.0203776
5,0.796096,0.0230462
6,0.783733,0.0271925
