Iteration,rel. Discrepancy,Norm
0,1,0
1,0.88742,0.0431499
2,0.852633,0.0625487
3,0.804944,0.108676
4,0.735751,0.192643
5,0.649627,0.301689
