Iteration,rel. Discrepancy,Norm
0,1,0
1,0.728715,0.391527
2,0.587659,0.590222
