Iteration,rel. Discrepancy,Norm
0,1,0
1,0.728693,0.391573
2,0.587667,0.59023
