Iteration,rel. Discrepancy,Norm
0,1,0
1,0.553269,0.00813424
2,0.493325,0.00898445
