Tolerance,Required Steps
0.9,1
0.9,1
0.854145,1
0.810626,2
0.769325,2
0.730128,3
0.692928,4
0.657623,5
0.624117,5
0.592318,6
0.56214,6
0.561578,8
0.670512,3
0.636349,7
0.603927,8
0.652783,6
0.619524,9
0.745603,2
0.707614,8
0.671561,9
0.707347,6
0.671307,9
0.780091,2
0.740345,7
0.702624,8
0.739057,6
0.701402,8
0.775275,3
0.735775,7
0.698287,9
0.764569,3
0.725614,7
0.688644,8
0.726836,6
0.689804,9
0.792409,1
0.752036,3
0.71372,4
0.677356,7
0.642845,10
0.749241,2
0.711067,4
0.674838,6
