Iteration,rel. Discrepancy,Norm
0,1,0
1,0.90935,0.00381682
2,0.865976,0.00716362
3,0.856436,0.00836356
4,0.849829,0.00951859
5,0.845197,0.0105974
6,0.842041,0.0115331
7,0.839204,0.0125878
8,0.8375,0.0133281
9,0.835561,0.0143324
10,0.834508,0.0149646
11,0.832838,0.016145
12,0.83163,0.0171246
13,0.828852,0.01976
14,0.82645,0.0224399
15,0.823062,0.0266088
16,0.820065,0.0306373
17,0.816044,0.03633
18,0.812394,0.0417421
19,0.808884,0.0471033
20,0.80448,0.0539848
21,0.795813,0.0678703
