Iteration,rel. Discrepancy,Norm
0,1,0
1,0.855541,0.0775619
2,0.766251,0.139893
