Iteration,rel. Discrepancy,Norm
0,1,0
1,0.742953,0.00858347
2,0.676653,0.011455
