Iteration,rel. Discrepancy,Norm
0,1,0
1,0.406273,0.69225
2,0.352979,0.743729
3,0.280568,0.880766
4,0.239313,1.02204
5,0.198042,1.27936
6,0.17655,1.45468
