Iteration,rel. Discrepancy,Norm
0,1,0
1,0.912911,0.166924
2,0.797965,0.48282
3,0.491267,1.4066
