Tolerance,Required Steps
0.7,2
0.7,2
0.5985,5
0.511717,3
0.437518,3
0.374078,6
