Tolerance,Required Steps
0.9,1
0.9,1
0.854145,1
0.810626,1
0.769325,1
0.730128,1
0.692928,2
0.657623,2
0.624117,2
0.592318,2
0.56214,3
0.533499,5
0.506317,8
0.48052,13
0.67964,15
0.721632,18
0.767259,20
0.789742,23
0.919427,8
0.998313,2
