Iteration,rel. Discrepancy,Norm
0,1,0
1,0.733748,0.176119
2,0.432601,0.383392
