Iteration,rel. Discrepancy,Norm
0,1,0
1,0.904427,0.36417
2,0.661109,1.18959
3,0.560011,1.49559
