Tolerance,Required Steps
0.9,1
0.9,1
0.854145,1
0.810626,1
0.769325,2
0.730128,2
0.692928,3
0.657623,5
0.624117,9
0.833448,8
