Iteration,rel. Discrepancy,Norm
0,1,0
1,0.974807,0.0306167
2,0.969214,0.0390397
3,0.960273,0.0609702
4,0.940772,0.129402
5,0.905099,0.271906
6,0.877551,0.385657
7,0.864821,0.439069
8,0.826988,0.602313
9,0.790643,0.760069
10,0.751603,0.928789
