Iteration,rel. Discrepancy,Norm
0,1,0
1,0.819375,0.0089632
2,0.736217,0.0140386
3,0.722134,0.015139
4,0.703769,0.0172291
5,0.691034,0.0193875
6,0.686335,0.0203947
7,0.677998,0.0226186
8,0.671921,0.0246288
9,0.668953,0.0257462
10,0.663052,0.028314
11,0.659151,0.0302855
