Iteration,rel. Discrepancy,Norm
0,1,0
1,0.645242,0.0375321
2,0.52172,0.0519957
