Iteration,rel. Discrepancy,Norm
0,1,0
1,0.949598,0.065965
2,0.905846,0.143411
3,0.691758,0.670032
4,0.573735,0.918523
