Iteration,rel. Discrepancy,Norm
0,1,0
1,0.931912,0.121244
2,0.903374,0.188873
3,0.836646,0.407767
4,0.667442,0.991881
5,0.538338,1.38672
