Iteration,rel. Discrepancy,Norm
0,1,0
1,0.862057,0.0144239
2,0.796822,0.0220264
