Iteration,rel. Discrepancy,Norm
0,1,0
1,0.720564,1.00169
2,0.624099,1.33738
3,0.541087,1.75699
