Iteration,rel. Discrepancy,Norm
0,1,0
1,0.869222,0.0655771
2,0.7929,0.114877
