Iteration,rel. Discrepancy,Norm
0,1,0
1,0.827783,0.246578
2,0.764594,0.356336
3,0.578042,0.890258
