Iteration,rel. Discrepancy,Norm
0,1,0
1,0.751343,1.72345
2,0.634708,2.45105
3,0.534974,3.16228
4,0.463431,3.79751
5,0.393646,4.62134
6,0.299852,6.00705
