Iteration,rel. Discrepancy,Norm
0,1,0
1,0.959468,0.00507379
2,0.901272,0.0149029
3,0.885273,0.0183203
