Iteration,rel. Discrepancy,Norm
0,1,0
1,0.788054,0.191926
2,0.709863,0.270655
3,0.662692,0.333032
