Iteration,rel. Discrepancy,Norm
0,1,0
1,0.990178,0.000884752
2,0.98605,0.0012957
3,0.983722,0.00157672
