Iteration,rel. Discrepancy,Norm
0,1,0
1,0.99394,0.00128734
2,0.988298,0.00296885
3,0.980989,0.00564186
4,0.972583,0.00904743
5,0.967921,0.0111232
