Iteration,rel. Discrepancy,Norm
0,1,0
1,0.990834,0.00377522
2,0.976963,0.00997456
3,0.963336,0.0175609
4,0.917443,0.0513616
