Iteration,rel. Discrepancy,Norm
0,1,0
1,0.888233,0.00597052
2,0.841119,0.00937788
3,0.824641,0.011282
4,0.814865,0.0128976
5,0.807003,0.014628
6,0.801183,0.0162254
7,0.794082,0.0185873
8,0.786807,0.0215672
9,0.784152,0.0228072
10,0.778984,0.0255381
11,0.77547,0.0276451
12,0.771859,0.0300286
13,0.769396,0.0317965
14,0.76751,0.0332504
15,0.765098,0.035243
16,0.763663,0.0365026
17,0.761172,0.038841
18,0.758746,0.041306
