Tolerance,Required Steps
0.9,1
0.9,1
0.855,1
0.81225,3
0.771637,3
