Iteration,rel. Discrepancy,rel. Norm,rel. Error
0,1.3708,0,1
1,1.12315,0.0590226,0.975288
2,0.571136,0.286042,0.938126
3,0.444286,0.370765,0.917836
4,0.348551,0.397157,0.8886
5,0.258853,0.445022,0.848126
