Iteration,rel. Discrepancy,Norm
0,1,0
1,0.775122,0.3276
2,0.501512,0.885059
