Iteration,rel. Discrepancy,Norm
0,1,0
1,0.878506,0.00496554
2,0.841403,0.00772446
3,0.830803,0.00912616
