Iteration,rel. Discrepancy,Norm
0,1,0
1,0.791536,0.00879325
2,0.710138,0.0130882
3,0.696275,0.0140541
4,0.681602,0.0156123
5,0.674371,0.0167954
6,0.670975,0.017524
7,0.665307,0.0191194
8,0.661176,0.0206232
9,0.65826,0.02187
10,0.654417,0.0237837
11,0.651332,0.0255579
12,0.648514,0.0273678
13,0.644782,0.0300571
14,0.640661,0.0333925
