Tolerance,Required Steps
0.7,1
0.7,2
0.5985,5
0.511717,14
0.437518,12
0.374078,64
0.838508,1
0.716924,1
0.61297,3
0.524089,23
0.448096,100
0.829409,1
0.709145,2
0.606319,7
0.518403,147
0.928213,1
0.793622,1
0.678547,3
0.580158,13
0.496035,318
0.930428,1
0.795516,2
0.680166,4
0.581542,6
0.497218,39
0.876517,3
0.749422,42
0.640755,151
0.855074,1
0.731088,3
