Iteration,rel. Discrepancy,Norm
0,1,0
1,0.972564,11.0093
2,0.947955,11.6272
3,0.927304,19.4186
4,0.90852,20.4151
5,0.891866,26.7458
6,0.876295,27.7936
