Iteration,rel. Discrepancy,Norm
0,1,0
1,0.853621,0.00838985
2,0.783689,0.0133984
3,0.770144,0.0147014
4,0.758964,0.0161812
5,0.747271,0.0184825
