Iteration,rel. Discrepancy,Norm
0,1,0
1,0.900278,0.00261779
2,0.87161,0.00365839
