Iteration,rel. Discrepancy,Norm
0,1,0
1,0.929856,0.165148
2,0.821695,0.49951
3,0.523376,1.47879
