Iteration,rel. Discrepancy,Norm
0,1,0
1,0.885565,0.00804964
2,0.810354,0.0144482
3,0.790378,0.0167701
