Iteration,rel. Discrepancy,Norm
0,1,0
1,0.853976,0.0109954
2,0.798973,0.0155249
3,0.775379,0.0182385
