Iteration,rel. Discrepancy,Norm
0,1,0
1,0.57796,0.0121842
2,0.436396,0.0163499
