Iteration,rel. Discrepancy,Norm
0,1,0
1,0.631453,0.00822048
2,0.582769,0.00920196
3,0.539331,0.0105686
