Iteration,rel. Discrepancy,Norm
0,1,0
1,0.892469,0.00311686
2,0.865436,0.00418428
3,0.843579,0.00544535
