Tolerance,Required Steps
0.9,1
0.9,1
0.854145,1
0.810626,1
0.769325,1
0.730128,2
0.692928,3
0.657623,3
0.624117,3
0.592318,5
0.56214,7
0.533499,12
0.727146,12
0.726419,18
0.82191,11
0.988333,4
