Iteration,rel. Discrepancy,Norm
0,1,0
1,0.918455,0.207654
2,0.881717,0.311948
3,0.80854,0.591451
4,0.649622,1.40178
5,0.578793,1.75377
