Iteration,rel. Discrepancy,Norm
0,1,0
1,0.632521,0.00988537
2,0.517381,0.0133698
