Iteration,rel. Discrepancy,Norm
0,1,0
1,0.952798,0.116537
2,0.827722,0.472186
3,0.631226,1.00168
4,0.574042,1.14658
