Tolerance,Required Steps
0.7,1
0.7,2
0.8075,2
0.767125,3
0.802512,4
0.835394,5
