Tolerance,Required Steps
0.9,1
0.9,1
0.854145,1
0.810626,1
0.769325,1
0.730128,2
0.692928,2
0.657623,3
0.624117,4
0.592318,7
0.56214,11
0.72064,18
0.828451,8
0.786241,13
