Iteration,rel. Discrepancy,rel. Norm,rel. Error
0,1.17954,0.313133,1.31313
1,1.05997,0.306693,1.30365
2,0.953027,0.306661,1.29468
3,0.81283,0.317981,1.28215
4,0.658036,0.350464,1.26522
5,0.500156,0.409701,1.23517
6,0.347598,0.513877,1.1663
7,0.238328,0.51061,1.10536
8,0.147866,0.631995,1.06198
9,0.0943542,0.68335,1.03069
10,0.065026,0.713268,0.988799
11,0.0416757,0.707908,0.95919
12,0.0287788,0.791141,0.92388
13,0.0237677,0.778703,0.91649
14,0.0185195,0.772198,0.904754
