Tolerance,Required Steps
0.9,1
0.9,1
0.854145,1
0.810626,1
0.769325,1
0.730128,2
0.692928,2
0.657623,3
0.624117,4
0.592318,6
0.56214,10
0.736547,11
0.759736,13
0.795903,14
0.809671,15
0.821537,18
0.85043,18
0.849579,20
0.863757,23
0.880646,24
0.884734,26
0.892707,29
0.902902,31
0.908257,33
0.912904,33
0.911991,36
0.918406,39
0.986947,5
