Iteration,rel. Discrepancy,Norm
0,1,0
1,0.925149,0.00803431
2,0.90805,0.0105519
3,0.896047,0.0134573
4,0.889818,0.0156351
5,0.885714,0.0175302
6,0.8795,0.0215497
7,0.870292,0.0298346
8,0.859909,0.0410391
9,0.840774,0.063659
10,0.816842,0.0929794
11,0.807009,0.105087
12,0.781759,0.136355
13,0.764553,0.157628
