Iteration,rel. Discrepancy,Norm
0,1,0
1,0.893792,0.00519021
2,0.774953,0.0120061
3,0.689277,0.0172574
