Iteration,rel. Discrepancy,Norm
0,1,0
1,0.96521,0.00109465
2,0.879983,0.00498938
3,0.854179,0.00633947
