Tolerance,Required Steps
0.9,1
0.9,1
0.855,1
0.81225,1
0.771637,2
0.733056,3
0.696403,5
0.661583,8
0.628504,13
0.771387,21
0.858478,21
0.858478,19
0.815554,40
0.912388,46
0.923816,45
0.877625,85
0.935213,69
0.888453,104
0.925993,86
0.879693,167
0.938045,104
0.891143,269
0.957914,114
