Iteration,rel. Discrepancy,Norm
0,1,0
1,0.967534,0.00726956
2,0.960625,0.0120724
3,0.955184,0.0184859
4,0.950594,0.0252267
5,0.944675,0.0357917
6,0.942941,0.0392904
7,0.939724,0.0465407
8,0.935656,0.0579373
9,0.933898,0.0633526
10,0.921989,0.108505
11,0.916225,0.132761
12,0.914294,0.141136
13,0.904411,0.186032
