Tolerance,Required Steps
0.9,1
0.9,1
0.854145,1
0.810626,1
0.769325,1
0.730128,1
0.692928,1
0.657623,2
0.624117,2
