Iteration,rel. Discrepancy,rel. Norm,rel. Error
0,0.639541,0.956757,0.136549
1,0.57485,0.958129,0.134354
2,0.516924,0.959416,0.132478
3,0.440803,0.96121,0.130148
4,0.356516,0.963387,0.127719
5,0.273647,0.965853,0.125397
6,0.199546,0.968681,0.123105
7,0.139174,0.971967,0.120363
8,0.0923701,0.972837,0.117853
9,0.058475,0.974719,0.116553
