Iteration,rel. Discrepancy,Norm
0,1,0
1,0.893036,0.145001
2,0.837108,0.261244
3,0.784658,0.408066
4,0.678086,0.751837
5,0.548406,1.1595
