Iteration,rel. Discrepancy,Norm
0,1,0
1,0.923218,0.141499
2,0.878231,0.235547
3,0.652476,0.825996
4,0.52555,1.11429
