Iteration,rel. Discrepancy,Norm
0,1,0
1,0.741061,0.00492622
2,0.671698,0.00638477
3,0.610784,0.0080202
4,0.554771,0.00995182
5,0.520008,0.0114886
