Iteration,rel. Discrepancy,Norm
0,1,0
1,0.912682,0.00141508
2,0.906491,0.00153023
3,0.896125,0.00200165
4,0.890938,0.00241194
5,0.880268,0.00365738
6,0.876056,0.00426874
7,0.86342,0.00620883
