Iteration,rel. Discrepancy,Norm
0,1,0
1,0.940548,0.116472
2,0.894994,0.221351
3,0.656895,0.820333
4,0.513226,1.11021
