Tolerance,Required Steps
0.9,1
0.9,1
0.854145,1
0.810626,1
0.769325,1
0.730128,1
0.692928,2
0.657623,2
0.624117,3
0.592318,4
0.56214,7
0.533499,11
0.702432,12
0.726503,14
0.764808,16
0.793413,18
0.815551,20
0.833162,23
0.854068,25
0.864877,28
0.878475,30
0.88569,33
0.944723,21
