Iteration,rel. Discrepancy,rel. Norm,rel. Error
0,1.17954,0.666667,0.333333
1,1.06919,0.668842,0.331381
2,0.966488,0.672026,0.328961
3,0.828689,0.678459,0.324862
4,0.668725,0.689914,0.318707
5,0.504274,0.707208,0.31061
6,0.353288,0.732112,0.300446
7,0.21888,0.766967,0.282319
8,0.157245,0.787433,0.268609
9,0.0975115,0.804442,0.263545
10,0.0581907,0.830241,0.25511
11,0.0356626,0.848711,0.242317
