Iteration,rel. Discrepancy,Norm
0,1,0
1,0.561049,0.123373
2,0.471021,0.183818
3,0.389942,0.279181
4,0.35742,0.32399
5,0.312533,0.402971
