Iteration,rel. Discrepancy,Norm
0,1,0
1,0.864591,0.0068237
2,0.814934,0.00993451
3,0.807632,0.0105316
