Iteration,rel. Discrepancy,Norm
0,1,0
1,0.848892,0.0101303
2,0.76993,0.0163143
