Iteration,rel. Discrepancy,Norm
0,1,0
1,0.806149,0.138182
2,0.768036,0.171765
3,0.694473,0.329828
4,0.658326,0.427936
5,0.495675,1.04277
