Iteration,rel. Discrepancy,Norm
0,1,0
1,0.960809,0.0374303
2,0.944913,0.0587439
3,0.939069,0.069679
4,0.93038,0.0925236
5,0.902793,0.19359
6,0.874276,0.312698
7,0.829782,0.507663
8,0.805246,0.615758
9,0.765499,0.788153
10,0.740448,0.895031
