Iteration,rel. Discrepancy,Norm
0,1,0
1,0.86873,0.00495013
2,0.849684,0.00594644
