Iteration,rel. Discrepancy,Norm
0,1,0
1,0.886866,0.235846
2,0.732102,0.657918
3,0.50844,1.3204
