Tolerance,Required Steps
0.7,1
0.7,2
0.5985,3
0.511717,6
0.437518,12
0.682821,10
0.583812,19
0.741906,21
0.728162,29
0.762994,34
0.757956,41
0.759316,52
0.769719,67
0.78021,82
0.779395,100
0.778149,122
0.777247,157
0.78556,193
0.868262,136
