Iteration,rel. Discrepancy,Norm
0,1,0
1,0.998335,0.000694093
2,0.996548,0.00176694
