Iteration,rel. Discrepancy,Norm
0,1,0
1,0.945872,0.0293042
2,0.916389,0.0502614
3,0.826504,0.143921
4,0.702228,0.27738
5,0.63109,0.351528
6,0.568837,0.419819
