Iteration,rel. Discrepancy,rel. Norm,rel. Error
0,1.24249,0.666667,0.333333
1,1.11353,0.678847,0.321935
2,0.998247,0.690783,0.312009
3,0.843415,0.70837,0.299162
4,0.672432,0.730358,0.285382
5,0.507909,0.755243,0.272058
6,0.363954,0.783321,0.259076
7,0.244782,0.824461,0.239209
8,0.160815,0.848926,0.215623
9,0.101224,0.869282,0.20447
10,0.0589467,0.891132,0.196321
11,0.0369624,0.907305,0.189628
12,0.0249906,0.914181,0.181096
13,0.0199848,0.916137,0.179069
