Iteration,rel. Discrepancy,rel. Norm,rel. Error
0,1.45919,0.666667,0.333333
1,1.31206,0.677162,0.323602
2,1.1799,0.687795,0.314998
3,1.00221,0.704098,0.303682
4,0.802923,0.725977,0.291068
5,0.604877,0.753268,0.27801
6,0.421189,0.789002,0.263361
7,0.282693,0.828816,0.241755
8,0.184331,0.850368,0.222081
9,0.109675,0.879813,0.206738
10,0.0666361,0.900387,0.197225
11,0.0428992,0.913641,0.187263
12,0.028319,0.922176,0.178926
13,0.0212385,0.926162,0.173759
14,0.0199175,0.925995,0.173579
