Iteration,rel. Discrepancy,Norm
0,1,0
1,0.864102,0.0130604
2,0.768836,0.0256758
