Iteration,rel. Discrepancy,Norm
0,1,0
1,0.891511,0.00471243
2,0.865216,0.00684665
3,0.859733,0.00766458
4,0.856007,0.00851889
5,0.852569,0.00966862
6,0.849981,0.0108664
7,0.848511,0.0117086
8,0.846988,0.0127439
9,0.845191,0.0142359
10,0.842315,0.0171301
11,0.838283,0.0219685
12,0.835737,0.0253518
13,0.831699,0.0310397
14,0.827481,0.0372944
15,0.820473,0.0481436
16,0.811073,0.0631353
17,0.800585,0.0801648
18,0.794653,0.0897904
19,0.785315,0.105021
20,0.776424,0.119552
21,0.767746,0.133738
