Iteration,rel. Discrepancy,rel. Norm,rel. Error
0,1.24248,0.666667,0.333333
1,0.40604,0.991777,0.594481
