Tolerance,Required Steps
0.9,1
0.9,1
0.854145,1
0.810626,1
0.769325,1
0.730128,1
0.692928,2
0.657623,3
0.624117,5
0.592318,7
0.56214,8
0.616255,7
0.584857,10
0.708691,6
0.672583,11
0.820587,3
0.778779,7
0.7391,10
0.816552,6
0.774949,10
0.864104,5
0.820078,9
