Iteration,rel. Discrepancy,Norm
0,1,0
1,0.873843,0.00528746
2,0.821741,0.00847994
3,0.808021,0.00994665
4,0.801991,0.0109107
