Iteration,rel. Discrepancy,Norm
0,1,0
1,0.871029,0.00539572
2,0.818332,0.00858931
3,0.804285,0.0100773
4,0.798039,0.0110681
