Iteration,rel. Discrepancy,Norm
0,1,0
1,0.837219,0.552019
2,0.626657,1.16333
3,0.498991,1.48728
