Iteration,rel. Discrepancy,Norm
0,1,0
1,0.967792,0.00118746
2,0.937086,0.00245196
3,0.8992,0.00423991
