Tolerance,Required Steps
0.9,1
0.9,1
0.854145,1
0.810626,1
0.769325,1
0.730128,1
0.692928,2
0.657623,2
0.624117,2
0.592318,3
0.56214,5
0.533499,8
0.506317,13
0.695499,14
0.716532,14
0.715815,17
0.988599,1
