Tolerance,Required Steps
0.9,1
0.9,1
0.854145,1
0.810626,1
0.769325,1
0.730128,2
0.692928,1
0.657623,2
0.624117,3
0.592318,5
0.56214,8
0.533499,13
0.712209,18
0.791359,15
0.751039,29
0.870356,19
0.826011,27
0.876686,22
0.832019,35
0.893517,34
0.847993,52
0.89971,50
0.85387,89
0.916986,55
0.988167,20
