Iteration,rel. Discrepancy,Norm
0,1,0
1,0.673787,0.545573
2,0.443955,0.643351
