Iteration,rel. Discrepancy,Norm
0,1,0
1,0.699646,0.149357
2,0.514628,0.255365
3,0.446282,0.356343
4,0.359154,0.545984
5,0.271779,0.746644
