Tolerance,Required Steps
0.9,1
0.9,1
0.854145,1
0.810626,1
0.769325,1
0.730128,1
0.692928,1
0.657623,2
0.624117,3
0.592318,5
0.56214,7
0.533499,11
0.702432,12
0.726503,14
0.764808,17
0.805506,22
0.957723,6
