Tolerance,Required Steps
0.9,1
0.9,1
0.854145,1
0.810626,1
0.769325,1
0.730128,1
0.692928,1
0.657623,2
0.624117,3
0.592318,5
0.56214,8
0.533499,13
0.712209,14
0.732033,16
0.764763,17
0.879609,14
0.997515,1
