Iteration,rel. Discrepancy,Norm
0,1,0
1,0.77774,0.002032
2,0.58344,0.00409987
