Iteration,rel. Discrepancy,Norm
0,1,0
1,0.730988,0.0989535
2,0.689451,0.13441
3,0.658721,0.197302
4,0.62571,0.295483
5,0.533018,0.626657
