Iteration,rel. Discrepancy,Norm
0,1,0
1,0.731009,0.0989599
2,0.689458,0.13443
3,0.658673,0.197467
4,0.625733,0.295448
5,0.532951,0.626962
