Iteration,rel. Discrepancy,Norm
0,1,0
1,0.799534,0.636181
2,0.554571,1.32243
