Iteration,rel. Discrepancy,Norm
0,1,0
1,0.89768,0.14019
2,0.833577,0.278748
3,0.769316,0.459546
4,0.671533,0.749479
5,0.535309,1.13427
