Tolerance,Required Steps
0.9,1
0.9,1
0.854145,1
0.810626,1
0.769325,1
0.730128,2
0.692928,2
0.657623,3
0.624117,5
0.592318,8
0.56214,13
0.729817,11
0.692633,18
0.811352,13
0.78833,18
0.84628,2
0.9088,3
0.981736,2
0.994571,1
