Iteration,rel. Discrepancy,Norm
0,1,0
1,0.916551,0.0196859
2,0.739903,0.0619191
