Tolerance,Required Steps
0.9,1
0.9,1
0.855,2
0.81225,1
0.771637,1
0.733056,2
0.696403,3
0.661583,5
0.628504,8
0.597078,13
0.752048,21
0.846506,19
0.804181,12
0.763972,31
0.908634,23
0.863203,54
0.941734,40
0.894648,94
0.979221,25
0.999,1
