Iteration,rel. Discrepancy,rel. Norm,rel. Error
0,1.17954,0,1
1,1.06094,0.0375468,0.992905
2,0.954435,0.074489,0.985999
3,0.814504,0.129483,0.976149
4,0.659259,0.203127,0.962692
5,0.500701,0.298129,0.940168
6,0.346738,0.434623,0.890039
7,0.233919,0.460897,0.842314
8,0.14268,0.562577,0.809259
9,0.0886619,0.636648,0.785488
10,0.0592027,0.701553,0.747597
11,0.0395821,0.68353,0.726037
