Tolerance,Required Steps
0.9,1
0.9,1
0.854145,1
0.810626,1
0.769325,1
0.730128,2
0.692928,2
0.657623,2
0.624117,3
0.592318,5
0.56214,8
0.533499,13
0.712209,15
0.749831,17
0.778483,20
0.810899,23
0.834729,25
0.847103,27
0.85757,28
0.861794,31
0.874294,35
0.887771,39
0.898383,41
0.971304,10
