Iteration,rel. Discrepancy,Norm
0,1,0
1,0.829818,0.0586169
2,0.73124,0.0972412
3,0.690831,0.125655
4,0.624556,0.203493
5,0.562288,0.290479
