Iteration,rel. Discrepancy,Norm
0,1,0
1,0.866843,0.0319195
2,0.824377,0.0456077
3,0.797054,0.0613039
4,0.759574,0.0940892
5,0.708087,0.149465
6,0.659631,0.205417
7,0.60784,0.266508
8,0.565707,0.316253
