Tolerance,Required Steps
0.9,1
0.9,2
0.855,1
0.81225,1
0.771637,2
0.733056,3
0.696403,5
0.661583,8
0.628504,13
0.771387,21
0.858478,34
0.912589,33
0.86696,62
0.929188,34
0.882729,96
0.958466,51
0.910543,133
0.965697,68
0.917412,188
0.970128,78
0.921621,209
0.970749,93
0.922211,210
0.965551,120
0.917273,301
0.967019,133
0.918668,326
0.966819,146
0.918478,387
0.969245,214
0.920783,525
0.967709,300
0.919324,825
0.970663,374
0.92213,1167
0.975044,359
0.926292,1423
0.981405,333
