Iteration,rel. Discrepancy,Norm
0,1,0
1,0.849725,0.511989
2,0.73523,0.917645
3,0.488208,1.71559
