Tolerance,Required Steps
0.7,1
0.7,1
0.665,2
0.790875,1
0.676198,2
0.796194,1
0.680746,1
0.646709,2
0.782187,1
0.66877,2
