Iteration,rel. Discrepancy,rel. Norm,rel. Error
0,0.142813,0.666667,0.333333
1,0.140543,0.666968,0.333227
2,0.14051,0.667283,0.33347
3,0.1435,0.668208,0.334137
4,0.147836,0.668593,0.335226
5,0.156842,0.669734,0.337252
6,0.164782,0.67038,0.339315
7,0.174258,0.671211,0.341836
8,0.189405,0.673167,0.345858
9,0.204787,0.674799,0.350161
10,0.223966,0.678164,0.356246
