Iteration,rel. Discrepancy,Norm
0,1,0
1,0.937979,0.00234088
2,0.897544,0.0046409
3,0.87974,0.00595272
