Iteration,rel. Discrepancy,Norm
0,1,0
1,0.533407,0.0188119
2,0.353371,0.0254709
