Iteration,rel. Discrepancy,Norm
0,1,0
1,0.897503,0.275679
2,0.791764,0.636032
3,0.592931,1.34444
4,0.531253,1.55692
