Tolerance,Required Steps
0.9,1
0.9,1
0.855,1
0.81225,2
0.771637,3
0.733056,4
0.696403,6
0.661583,8
0.746187,9
0.774388,12
0.830791,15
0.864633,10
0.821401,23
0.922348,12
0.876231,25
0.940591,10
0.893561,25
0.957425,7
0.909553,19
0.966678,10
0.918344,17
0.951967,16
0.904369,33
0.953633,18
0.905952,34
