Iteration,rel. Discrepancy,Norm
0,1,0
1,0.810933,0.59436
2,0.556813,1.31914
