Iteration,rel. Discrepancy,Norm
0,1,0
1,0.98569,0.00349106
2,0.972024,0.00880924
3,0.955004,0.0182878
4,0.946546,0.0236352
5,0.93954,0.0289398
