Iteration,rel. Discrepancy,Norm
0,1,0
1,0.993049,3.51617
2,0.987515,3.51119
3,0.977902,8.09827
4,0.971034,8.06701
5,0.917254,36.049
6,0.87503,35.6548
