Iteration,rel. Discrepancy,Norm
0,1,0
1,0.998126,0.000138193
2,0.995959,0.000326001
3,0.993231,0.000628641
