Iteration,rel. Discrepancy,Norm
0,1,0
1,0.991466,0.00485499
2,0.986846,0.00802699
3,0.977719,0.0165111
4,0.973335,0.0213459
5,0.969095,0.0268997
6,0.966602,0.0307033
7,0.964073,0.0352221
8,0.960256,0.0434652
9,0.959128,0.0461816
10,0.954953,0.057388
11,0.948069,0.0786224
12,0.939953,0.106207
13,0.933264,0.130143
14,0.927242,0.152332
15,0.921286,0.174739
16,0.918571,0.185057
17,0.906909,0.230166
18,0.898741,0.26221
19,0.890342,0.29543
20,0.86174,0.409572
21,0.838629,0.501306
