Iteration,rel. Discrepancy,Norm
0,1,0
1,0.898636,0.126666
2,0.872209,0.169379
3,0.826315,0.288373
4,0.704836,0.688199
5,0.56066,1.14714
