Iteration,rel. Discrepancy,Norm
0,1,0
1,0.875138,0.00435545
2,0.850998,0.00594837
3,0.846336,0.00652991
4,0.84332,0.00710832
5,0.840396,0.00795205
6,0.839065,0.0084559
7,0.83776,0.00908802
8,0.835959,0.0102268
9,0.834317,0.0114451
10,0.832246,0.0133156
11,0.82984,0.0158178
12,0.827404,0.0185637
13,0.825122,0.0213972
14,0.823171,0.0239272
