Iteration,rel. Discrepancy,Norm
0,1,0
1,0.868864,0.00482271
2,0.832826,0.00709026
