Tolerance,Required Steps
0.9,1
0.9,1
0.855,1
0.81225,2
0.771637,2
0.733056,2
0.696403,2
0.661583,3
0.628504,3
0.597078,4
0.567224,6
0.538863,9
0.692575,11
0.748471,13
0.787168,13
0.787168,15
0.896384,11
0.996863,2
0.999,2
