Iteration,rel. Discrepancy,Norm
0,1,0
1,0.922194,0.0126356
2,0.873126,0.0220634
3,0.845614,0.0287287
4,0.829276,0.0336352
5,0.809174,0.0414535
6,0.795612,0.0478933
7,0.784101,0.0542477
