Iteration,rel. Discrepancy,Norm
0,1,0
1,0.892186,0.362232
2,0.820528,0.647559
3,0.754738,0.970877
4,0.653672,1.50364
5,0.505787,2.22184
