Iteration,rel. Discrepancy,Norm
0,1,0
1,0.878493,0.00496623
2,0.841371,0.0077264
3,0.830763,0.00912912
