Iteration,rel. Discrepancy,Norm
0,1,0
1,0.930948,0.141954
2,0.850701,0.396588
3,0.694138,0.972342
4,0.649744,1.17361
5,0.624059,1.29011
6,0.579979,1.57348
