Iteration,rel. Discrepancy,Norm
0,1,0
1,0.914247,0.179135
2,0.824895,0.439734
3,0.632984,1.0943
4,0.564052,1.32688
