Tolerance,Required Steps
0.9,1
0.9,2
0.855,1
0.81225,2
0.771637,3
0.733056,5
0.696403,8
