Iteration,rel. Discrepancy,rel. Norm,rel. Error
0,1.6283,0,1
1,1.17979,0.014733,0.997535
2,0.769571,0.0615529,1.01632
3,0.452812,0.0902799,1.03128
4,0.351995,0.118513,1.03377
5,0.283039,0.129683,1.04002
6,0.221326,0.146574,1.03282
7,0.16955,0.164641,1.03258
