Iteration,rel. Discrepancy,rel. Norm,rel. Error
0,1.6283,0,1
1,1.17979,0.014733,0.997535
2,0.769571,0.0615529,1.01632
3,0.452812,0.0902799,1.03128
