Tolerance,Required Steps
0.9,1
0.9,2
0.855,1
0.81225,2
0.771637,3
0.733056,5
0.696403,8
0.661583,13
0.791743,21
0.871079,25
0.891706,13
0.847121,28
0.929021,19
0.88257,27
0.917364,27
0.917364,35
0.936252,26
0.889439,61
0.952876,30
0.905232,64
0.955578,10
0.907799,74
0.98754,5
0.938163,56
0.891255,61
0.900169,117
