Iteration,rel. Discrepancy,Norm
0,1,0
1,0.636862,0.503888
2,0.400045,0.58851
