Iteration,rel. Discrepancy,Norm
0,1,0
1,0.940579,0.00449749
2,0.891146,0.00879979
3,0.848491,0.0136807
