Iteration,rel. Discrepancy,Norm
0,1,0
1,0.997113,0.000370633
2,0.996257,0.000601874
3,0.9956,0.000928336
4,0.992584,0.00318231
