Iteration,rel. Discrepancy,Norm
0,1,0
1,0.9366,0.152112
2,0.580368,1.19805
