Iteration,rel. Discrepancy,Norm
0,1,0
1,0.854982,0.227587
2,0.528513,0.710347
