Iteration,rel. Discrepancy,Norm
0,1,0
1,0.873112,0.16392
2,0.596174,0.50149
3,0.497701,0.609623
