Iteration,rel. Discrepancy,Norm
0,1,0
1,0.848366,0.00780528
2,0.782839,0.0121523
