Iteration,rel. Discrepancy,Norm
0,1,0
1,0.84601,0.00793567
2,0.780208,0.0122686
