Iteration,rel. Discrepancy,Norm
0,1,0
1,0.916691,0.149638
2,0.875429,0.232701
3,0.6638,0.80116
4,0.528987,1.13077
