Iteration,rel. Discrepancy,Norm
0,1,0
1,0.871845,0.0414591
2,0.836198,0.0548914
3,0.815761,0.0683911
4,0.767762,0.13322
5,0.743374,0.177948
