Iteration,rel. Discrepancy,Norm
0,1,0
1,0.79138,0.223531
2,0.670732,0.379259
3,0.588869,0.503687
4,0.505521,0.658602
5,0.42453,0.84878
