Iteration,rel. Discrepancy,rel. Norm,rel. Error
0,1.20649,0.666667,0.333333
1,0.806088,0.682105,0.322338
2,0.512123,0.704419,0.311698
3,0.391291,0.724363,0.302255
4,0.275964,0.763284,0.277211
5,0.153203,0.799897,0.25618
6,0.102159,0.8044,0.254865
7,0.0675036,0.815052,0.249922
8,0.0400058,0.833692,0.243867
9,0.0250951,0.840279,0.238571
10,0.0196779,0.845019,0.236277
