Tolerance,Required Steps
0.9,1
0.9,1
0.854145,1
0.810626,1
0.769325,1
0.730128,2
0.692928,1
0.657623,2
0.624117,3
0.592318,3
0.56214,6
0.621898,9
