Iteration,rel. Discrepancy,Norm
0,1,0
1,0.923978,0.00807128
2,0.870654,0.0174905
3,0.639555,0.0675906
