Tolerance,Required Steps
0.9,1
0.9,1
0.854145,1
0.810626,1
0.769325,1
0.730128,1
0.692928,1
0.657623,1
0.624117,2
0.592318,2
0.56214,3
0.533499,5
0.506317,8
0.48052,13
0.67964,14
0.70182,17
0.753686,21
0.799802,24
0.824002,28
0.96533,5
