Tolerance,Required Steps
0.9,1
0.9,1
0.855,1
0.81225,1
0.771637,2
0.733056,3
0.696403,5
0.661583,8
0.628504,11
0.729821,8
0.69333,16
0.846665,16
0.846665,27
0.909135,10
0.863678,33
0.95869,12
0.910756,24
0.955378,12
0.907609,36
0.969203,13
0.920743,49
0.978973,8
0.930024,55
0.989822,16
0.940331,25
0.961812,27
0.96464,4
0.916408,31
0.870588,35
0.885378,66
0.939216,34
0.892255,100
0.963367,27
0.915198,105
0.978194,14
0.952139,59
0.996493,11
