Iteration,rel. Discrepancy,Norm
0,1,0
1,0.830839,0.00773197
2,0.737174,0.012473
