Iteration,rel. Discrepancy,Norm
0,1,0
1,0.854224,0.230493
2,0.530269,0.721421
