Iteration,rel. Discrepancy,Norm
0,1,0
1,0.894276,0.00452149
2,0.818607,0.00864428
3,0.778995,0.011132
