Iteration,rel. Discrepancy,Norm
0,1,0
1,0.772215,0.239432
2,0.717772,0.31127
3,0.694233,0.355404
