Iteration,rel. Discrepancy,Norm
0,1,0
1,0.936499,0.156897
2,0.917627,0.210104
3,0.863361,0.447927
4,0.670355,1.46002
5,0.633063,1.64104
6,0.566129,1.96198
