Iteration,rel. Discrepancy,Norm
0,1,0
1,0.896298,0.0126974
2,0.813918,0.0251677
