Iteration,rel. Discrepancy,Norm
0,1,0
1,0.959079,0.0686166
2,0.883449,0.261626
3,0.763381,0.639904
4,0.682637,0.895628
5,0.628662,1.06577
