Tolerance,Required Steps
0.7,2
0.7,2
0.5985,4
0.511717,4
0.437518,9
0.521668,16
