Tolerance,Required Steps
0.7,2
0.7,4
0.5985,16
0.511717,26
0.664543,14
0.568184,21
0.676516,15
0.578422,30
0.74975,3
0.641036,32
0.548086,40
0.606545,4
0.775444,9
0.897792,5
