Iteration,rel. Discrepancy,Norm
0,1,0
1,0.719409,10.4591
2,0.634782,13.4521
3,0.528155,17.8636
4,0.441445,21.9391
5,0.391604,24.574
