Iteration,rel. Discrepancy,Norm
0,1,0
1,0.719409,10.4591
2,0.634782,13.4521
