Tolerance,Required Steps
0.9,1
0.9,1
0.854145,1
0.810626,1
0.769325,1
0.730128,1
0.692928,2
0.657623,3
0.624117,4
0.592318,5
0.56214,8
0.533499,12
0.68831,15
0.749898,17
0.778542,18
0.889303,16
