Tolerance,Required Steps
0.9,1
0.9,1
0.854145,1
0.810626,1
0.769325,1
0.730128,2
0.692928,2
0.657623,2
0.624117,3
0.592318,5
0.56214,8
0.533499,13
0.712209,16
0.765404,16
0.764639,17
0.777705,17
0.776927,21
0.818598,3
0.77689,22
0.737308,25
0.768062,26
0.776206,32
0.817349,3
0.775705,29
0.736183,32
0.760155,51
0.848659,4
0.80542,46
0.764384,50
0.78245,86
0.872644,3
0.828183,16
0.894131,19
0.928897,35
0.962688,35
0.998138,2
