Iteration,rel. Discrepancy,Norm
0,1,0
1,0.767596,0.0079982
2,0.706256,0.0107452
