Iteration,rel. Discrepancy,Norm
0,1,0
1,0.880766,0.0219069
2,0.841704,0.0307684
3,0.807113,0.0445802
4,0.792162,0.0538903
5,0.782902,0.0616096
