Iteration,rel. Discrepancy,Norm
0,1,0
1,0.935142,0.00335226
2,0.888644,0.00644335
3,0.872623,0.00782747
