Iteration,rel. Discrepancy,Norm
0,1,0
1,0.989343,0.00182251
2,0.982721,0.00319286
3,0.97407,0.00557059
4,0.967472,0.00775042
5,0.96182,0.00989474
