Iteration,rel. Discrepancy,Norm
0,1,0
1,0.889026,0.00819652
2,0.878873,0.00908152
3,0.874869,0.00963193
4,0.872515,0.0101287
5,0.870972,0.010589
6,0.869554,0.0111946
7,0.867494,0.0125303
8,0.863881,0.0159785
9,0.85928,0.0215629
10,0.848864,0.0361343
11,0.833814,0.0583927
