Iteration,rel. Discrepancy,Norm
0,1,0
1,0.884517,0.00496188
2,0.841633,0.00791096
3,0.829891,0.0090856
4,0.816744,0.0109721
5,0.805386,0.0134629
6,0.801151,0.0146395
7,0.796029,0.0163044
8,0.792166,0.0178042
9,0.789397,0.0190229
10,0.785709,0.0208751
11,0.783692,0.0220372
