Iteration,rel. Discrepancy,Norm
0,1,0
1,0.848911,0.0101305
2,0.769956,0.0163147
