Tolerance,Required Steps
0.9,1
0.9,1
0.854145,1
0.810626,1
0.769325,1
0.730128,1
0.692928,2
0.657623,3
0.624117,4
0.592318,5
0.56214,7
0.533499,11
0.702432,12
0.726503,16
0.794082,17
0.859991,17
0.997993,1
