Iteration,rel. Discrepancy,Norm
0,1,0
1,0.867572,0.0362355
2,0.56841,0.226879
3,0.382027,0.329027
