Iteration,rel. Discrepancy,Norm
0,1,0
1,0.999128,0.000218899
2,0.99795,0.000793737
