Iteration,rel. Discrepancy,Norm
0,1,0
1,0.897457,0.13999
2,0.844064,0.231417
3,0.78935,0.351266
4,0.647272,0.691894
5,0.557009,0.893816
