Tolerance,Required Steps
0.9,1
0.9,1
0.855,1
0.81225,1
0.771637,1
0.733056,2
0.696403,3
0.661583,5
0.628504,8
0.597078,13
0.752048,12
0.714446,25
0.862934,30
0.885778,33
0.896162,37
0.907388,39
0.912137,46
0.925508,47
0.927093,54
0.936544,55
0.937697,63
0.945609,61
0.898328,124
0.949984,73
0.902485,166
0.957117,78
0.909261,184
0.961535,88
0.913458,232
0.967174,90
0.918815,249
0.970656,98
0.922123,299
0.974475,118
0.964145,183
0.997728,11
