Tolerance,Required Steps
0.9,1
0.9,1
0.854145,1
0.810626,1
0.769325,1
0.730128,1
0.692928,2
0.657623,3
0.624117,3
0.592318,4
0.56214,7
0.533499,10
0.672776,14
0.765502,11
0.7265,15
0.798634,7
0.757943,17
0.899429,1
0.853603,4
0.843191,5
0.891362,9
0.92165,14
0.955357,8
0.997795,2
