Iteration,rel. Discrepancy,Norm
0,1,0
1,0.831588,0.0761001
2,0.798033,0.11007
3,0.754474,0.18922
4,0.643217,0.535033
5,0.538191,0.868356
