Iteration,rel. Discrepancy,Norm
0,1,0
1,0.81947,0.0857026
2,0.752478,0.131927
3,0.690913,0.195945
4,0.635707,0.267094
5,0.591001,0.332103
