Tolerance,Required Steps
0.9,1
0.9,1
0.855,2
0.81225,2
0.771637,1
0.733056,2
0.696403,3
0.661583,5
0.628504,8
0.597078,13
0.752048,21
0.846506,12
0.804181,24
0.90209,29
0.918971,27
0.873023,41
