Tolerance,Required Steps
0.9,1
0.9,1
0.855,1
0.81225,2
0.771637,2
0.733056,4
0.696403,5
0.661583,9
0.628504,14
0.761181,16
0.791033,24
0.860689,21
0.817654,38
0.89923,22
0.854269,50
0.935878,22
0.889084,64
0.961873,20
0.913779,57
0.969747,28
0.92126,71
0.968947,35
0.9205,106
0.97375,33
0.925063,104
0.976222,34
0.927411,126
0.980412,37
0.936702,120
0.997239,5
