Tolerance,Required Steps
0.9,1
0.9,1
0.854145,1
0.810626,1
0.769325,2
0.730128,3
0.692928,4
0.657623,4
0.624117,6
0.592318,8
0.693545,6
0.658208,7
0.706329,6
0.670341,10
0.801403,1
0.760571,4
0.72182,5
0.685043,9
0.65014,13
0.757032,5
0.718461,14
0.681855,16
0.720902,16
0.720181,16
0.719461,16
0.718741,15
