Iteration,rel. Discrepancy,Norm
0,1,0
1,0.923967,0.0126982
2,0.890232,0.0190639
3,0.867041,0.024875
