Iteration,rel. Discrepancy,Norm
0,1,0
1,0.98446,0.0403663
2,0.939515,0.16231
3,0.796051,0.584001
4,0.689441,0.915041
5,0.67505,0.960526
6,0.563015,1.3124
