Tolerance,Required Steps
0.9,1
0.9,1
0.854145,1
0.810626,1
0.769325,1
0.730128,1
0.692928,2
0.657623,2
0.624117,2
0.592318,3
0.56214,5
0.533499,6
0.506317,11
0.729988,11
0.747265,12
