Iteration,rel. Discrepancy,Norm
0,1,0
1,0.978574,0.000375509
2,0.96667,0.000648001
