Iteration,rel. Discrepancy,Norm
0,1,0
1,0.828476,0.00795061
2,0.774658,0.0110461
