Iteration,rel. Discrepancy,Norm
0,1,0
1,0.828812,0.00793061
2,0.775176,0.0110185
