Tolerance,Required Steps
0.9,1
0.9,1
0.854145,1
0.810626,1
0.769325,1
0.730128,1
0.692928,2
0.657623,2
0.624117,4
0.592318,6
0.56214,10
0.736547,14
0.811007,15
0.822783,18
0.851467,21
0.871813,22
0.876762,24
0.886145,25
0.889809,34
0.918058,36
0.976004,12
