Tolerance,Required Steps
0.7,1
0.7,1
0.5985,3
0.511717,5
0.437518,13
0.374078,27
0.663699,24
