Tolerance,Required Steps
0.7,1
0.7,1
0.5985,3
0.511717,5
0.437518,13
0.374078,27
0.663699,24
0.567462,43
0.720655,46
0.701929,66
0.752641,79
0.753678,92
0.74906,116
0.76093,162
0.825408,159
