Iteration,rel. Discrepancy,rel. Norm,rel. Error
0,0.211705,0.666667,0.333333
1,0.106318,0.682684,0.3245
2,0.0719234,0.694575,0.317613
3,0.0381929,0.73648,0.295471
4,0.0155844,0.761629,0.285412
5,0.00656257,0.783354,0.275431
6,0.00266489,0.801611,0.266417
7,0.00177325,0.805257,0.263327
