Iteration,rel. Discrepancy,Norm
0,1,0
1,0.961318,0.00902899
2,0.93882,0.0148764
3,0.915651,0.0224147
4,0.883158,0.0349769
5,0.683704,0.113516
