Iteration,rel. Discrepancy,Norm
0,1,0
1,0.945999,0.00162518
2,0.929168,0.00246512
