Iteration,rel. Discrepancy,Norm
0,1,0
1,0.887128,0.347186
2,0.509623,1.41206
