Iteration,rel. Discrepancy,Norm
0,1,0
1,0.899217,0.265521
2,0.800034,0.600725
3,0.599838,1.32544
4,0.538353,1.54149
