Iteration,rel. Discrepancy,Norm
0,1,0
1,0.984554,0.000926548
2,0.9677,0.00207329
