Iteration,rel. Discrepancy,Norm
0,1,0
1,0.901432,0.0942816
2,0.811057,0.30652
3,0.736819,0.532083
4,0.629554,0.904491
5,0.579438,1.07716
