Iteration,rel. Discrepancy,Norm
0,1,0
1,0.901404,0.0942936
2,0.811043,0.306481
3,0.736805,0.532043
4,0.629537,0.904466
5,0.579422,1.07713
