Iteration,rel. Discrepancy,Norm
0,1,0
1,0.944718,0.121073
2,0.883867,0.275868
3,0.716711,0.716362
4,0.568397,1.05019
