Iteration,rel. Discrepancy,rel. Norm,rel. Error
0,1.19811,0.666667,0.333333
1,0.78015,0.674241,0.328389
2,0.5861,0.681033,0.324522
