Iteration,rel. Discrepancy,Norm
0,1,0
1,0.942354,0.212173
2,0.617858,1.40692
3,0.522564,1.70027
