Iteration,rel. Discrepancy,Norm
0,1,0
1,0.939977,0.127916
2,0.845564,0.346821
3,0.638037,0.808088
4,0.624489,0.846664
5,0.55201,1.12213
