Iteration,rel. Discrepancy,Norm
0,1,0
1,0.912183,0.111361
2,0.816225,0.343737
3,0.612406,0.92706
4,0.534166,1.17969
