Iteration,rel. Discrepancy,Norm
0,1,0
1,0.64282,0.00570462
2,0.584805,0.00651452
