Iteration,rel. Discrepancy,Norm
0,1,0
1,0.603214,0.667479
2,0.547911,0.878106
