Tolerance,Required Steps
0.7,1
0.7,1
0.5985,2
0.511717,2
0.437518,4
0.374078,4
0.319837,5
0.273461,5
0.233809,2
0.199907,1
0.17092,1
