Iteration,rel. Discrepancy,Norm
0,1,0
1,0.996809,0.000204431
2,0.995223,0.000334779
