Iteration,rel. Discrepancy,Norm
0,1,0
1,0.880208,0.0141413
2,0.758752,0.0286672
