Tolerance,Required Steps
0.9,1
0.9,1
0.854145,1
0.810626,1
0.769325,1
0.730128,2
0.692928,2
0.657623,2
0.624117,2
0.592318,3
0.56214,3
0.533499,3
0.506317,3
0.48052,4
0.456038,4
