Iteration,rel. Discrepancy,Norm
0,1,0
1,0.897816,0.221906
2,0.605578,1.03029
3,0.560147,1.13441
