Iteration,rel. Discrepancy,Norm
0,1,0
1,0.929342,0.165846
2,0.912087,0.214283
3,0.860326,0.443526
4,0.669158,1.46428
5,0.621416,1.69975
6,0.562518,1.98463
