Iteration,rel. Discrepancy,Norm
0,1,0
1,0.852443,0.0254369
2,0.805148,0.0360788
3,0.770596,0.0521842
4,0.750775,0.0663092
