Iteration,rel. Discrepancy,Norm
0,1,0
1,0.875834,0.0108751
2,0.81537,0.0166064
3,0.780726,0.0206183
4,0.762098,0.0235728
5,0.752732,0.0255281
6,0.744787,0.027556
7,0.737706,0.0297278
8,0.729335,0.0328704
9,0.723263,0.0355572
10,0.711799,0.04154
11,0.699806,0.048859
12,0.694113,0.0526397
13,0.683982,0.0598137
14,0.677859,0.0643984
15,0.672344,0.0686946
