Iteration,rel. Discrepancy,Norm
0,1,0
1,0.399688,0.582168
2,0.346092,0.621504
3,0.307881,0.672605
4,0.2431,0.896214
5,0.196882,1.13602
