Iteration,rel. Discrepancy,Norm
0,1,0
1,0.903094,0.046206
2,0.867871,0.0675824
3,0.848572,0.0834287
4,0.838125,0.0949879
5,0.828245,0.110487
