Iteration,rel. Discrepancy,Norm
0,1,0
1,0.539137,0.488041
2,0.477398,0.549956
3,0.421288,0.690848
4,0.339172,1.03652
