Iteration,rel. Discrepancy,Norm
0,1,0
1,0.53916,0.488022
2,0.477362,0.550001
3,0.42127,0.690776
4,0.339138,1.03641
