Iteration,rel. Discrepancy,Norm
0,1,0
1,0.897823,0.135395
2,0.80559,0.306679
3,0.556294,0.951083
