Tolerance,Required Steps
0.9,1
0.9,1
0.854145,1
0.810626,1
0.769325,1
0.730128,1
0.692928,2
0.657623,1
0.624117,2
0.592318,3
0.56214,4
0.533499,7
0.506317,11
0.685152,13
0.732857,15
0.767707,19
0.815795,19
0.814979,21
0.971862,3
