Tolerance,Required Steps
0.9,1
0.9,1
0.855,2
0.81225,3
0.771637,5
0.733056,8
0.696403,13
0.813171,14
0.826516,17
0.857131,16
0.814274,24
0.876183,16
0.832374,25
0.892719,13
0.848083,28
0.929467,14
0.882994,26
0.936997,15
0.890147,32
0.948506,16
0.901081,40
0.960432,17
0.912411,50
0.97022,19
0.921709,64
0.976757,21
0.927919,84
0.98198,23
0.932881,107
0.985573,25
0.936294,132
0.987934,25
0.938538,157
0.990213,24
0.940702,181
0.992137,25
0.976739,86
0.997516,9
0.999,4
