Iteration,rel. Discrepancy,Norm
0,1,0
1,0.930622,0.186651
2,0.904392,0.282111
3,0.870961,0.446331
4,0.734654,1.20358
5,0.685327,1.46121
6,0.595434,1.9175
