Iteration,rel. Discrepancy,Norm
0,1,0
1,0.94772,0.124743
2,0.900959,0.247492
3,0.839296,0.443568
4,0.737487,0.799251
5,0.666457,1.04758
6,0.585186,1.33461
