Iteration,rel. Discrepancy,Norm
0,1,0
1,0.930421,0.147307
2,0.882455,0.288843
3,0.840139,0.42309
4,0.793109,0.61496
5,0.719612,1.07032
6,0.684032,1.29027
7,0.654695,1.56618
