Iteration,rel. Discrepancy,Norm
0,1,0
1,0.918072,0.144867
2,0.576786,0.764036
