Iteration,rel. Discrepancy,Norm
0,1,0
1,0.772501,0.00648604
2,0.698178,0.00926929
