Iteration,rel. Discrepancy,rel. Norm,rel. Error
0,0.108958,0,1
1,0.108579,0.0115341,0.999737
2,0.107814,0.0234327,0.999542
3,0.106135,0.0414317,0.99943
4,0.102992,0.0653178,0.999631
5,0.0977574,0.0943892,1.00045
