Tolerance,Required Steps
0.9,1
0.9,1
0.854145,1
0.810626,1
0.769325,1
0.730128,1
0.692928,2
0.657623,3
0.624117,5
0.592318,5
0.56214,5
0.533499,7
0.506317,8
0.567459,9
0.614904,13
0.732662,8
0.695333,12
0.796091,9
0.755531,12
0.815831,8
0.774265,13
0.860225,5
0.816396,16
0.774801,16
0.774026,22
0.83482,2
