Iteration,rel. Discrepancy,Norm
0,1,0
1,0.84848,0.0826071
2,0.699846,0.160134
3,0.628196,0.203341
4,0.485226,0.314806
