Iteration,rel. Discrepancy,Norm
0,1,0
1,0.878885,0.366823
2,0.640062,1.0845
3,0.477179,1.49949
