Iteration,rel. Discrepancy,Norm
0,1,0
1,0.981381,0.00119907
2,0.977051,0.00161331
3,0.974589,0.00212988
4,0.964034,0.00714044
5,0.960644,0.00905181
