Tolerance,Required Steps
0.9,1
0.9,1
0.854145,1
0.810626,2
0.769325,2
0.730128,2
0.692928,2
0.657623,2
0.624117,3
0.592318,4
0.56214,4
0.533499,4
0.506317,5
0.48052,4
0.456038,4
0.432803,4
0.410751,4
0.389823,5
0.369962,5
0.351112,5
0.333223,5
0.316246,5
