Iteration,rel. Discrepancy,rel. Norm,rel. Error
0,0.041602,0.527666,0.870858
1,0.0389024,0.525319,0.870672
2,0.0346866,0.528001,0.870971
3,0.0220438,0.532509,0.871756
4,0.0131898,0.537256,0.870748
5,0.00749855,0.542367,0.870724
6,0.00585288,0.54832,0.871983
7,0.00634335,0.559304,0.875498
8,0.0088574,0.584498,0.885415
9,0.0132707,0.633282,0.908838
10,0.0137758,0.686289,0.937409
11,0.0208329,0.789813,1.0036
12,0.0526368,0.807491,1.01544
