Iteration,rel. Discrepancy,Norm
0,1,0
1,0.813996,0.587148
2,0.560757,1.3189
