Iteration,rel. Discrepancy,Norm
0,1,0
1,0.881099,0.02956
2,0.82744,0.047325
3,0.803096,0.0601694
4,0.762981,0.0957702
5,0.697253,0.172628
