Iteration,rel. Discrepancy,Norm
0,1,0
1,0.8811,0.0295598
2,0.827441,0.0473247
3,0.803097,0.0601692
4,0.762982,0.09577
5,0.697254,0.172628
