Iteration,rel. Discrepancy,Norm
0,1,0
1,0.910931,0.267975
2,0.848444,0.510914
3,0.785705,0.819999
4,0.688727,1.32637
5,0.575297,1.87382
