Iteration,rel. Discrepancy,Norm
0,1,0
1,0.937115,0.110297
2,0.85152,0.297481
3,0.686613,0.754039
4,0.617115,0.943196
5,0.558453,1.10853
