Iteration,rel. Discrepancy,Norm
0,1,0
1,0.631699,0.416556
2,0.391765,0.629165
