Iteration,rel. Discrepancy,Norm
0,1,0
1,0.796318,0.64334
2,0.54939,1.32557
