Iteration,rel. Discrepancy,Norm
0,1,0
1,0.856173,0.0190872
2,0.78528,0.0300447
3,0.748595,0.0372547
4,0.732372,0.0411311
