Iteration,rel. Discrepancy,Norm
0,1,0
1,0.77844,0.00689035
2,0.739662,0.00857554
3,0.731963,0.00908214
4,0.723478,0.0100897
5,0.719115,0.0110089
6,0.716828,0.011661
7,0.714476,0.0124979
8,0.712524,0.0133657
9,0.710595,0.0143753
10,0.709286,0.0151631
11,0.70733,0.0165232
