Iteration,rel. Discrepancy,Norm
0,1,0
1,0.890757,0.0640021
2,0.840094,0.104912
3,0.784683,0.187713
4,0.681634,0.379993
5,0.602922,0.522776
