Tolerance,Required Steps
0.9,1
0.9,1
0.855,1
0.81225,2
0.771637,3
0.733056,5
0.696403,8
0.661583,11
0.753878,11
0.753878,22
0.876939,8
0.833092,8
0.833092,16
0.916546,21
0.936416,3
0.889595,24
0.845116,27
0.862325,32
0.883837,51
0.927113,35
0.880758,62
0.932686,50
0.886051,77
0.926007,49
0.906654,55
0.988921,13
