Tolerance,Required Steps
0.9,1
0.9,1
0.855,1
0.81225,1
0.771637,2
0.733056,3
0.696403,5
0.661583,8
0.628504,11
0.729821,13
0.771387,12
0.732817,25
0.871752,18
0.828165,24
0.871124,24
0.871124,24
0.871124,34
0.909028,58
0.946672,33
0.899338,76
0.956292,20
0.908477,50
0.963391,43
0.915221,84
0.956601,33
0.908771,107
0.971864,12
0.923271,106
0.991314,10
0.941748,58
0.989957,13
0.993283,19
