Iteration,rel. Discrepancy,Norm
0,1,0
1,0.966086,0.00341972
2,0.941228,0.00648056
