Iteration,rel. Discrepancy,Norm
0,1,0
1,0.683166,0.00727741
2,0.596748,0.0096775
