Iteration,rel. Discrepancy,Norm
0,1,0
1,0.73193,0.00611738
2,0.660891,0.00818753
