Iteration,rel. Discrepancy,Norm
0,1,0
1,0.936623,0.00409264
2,0.928528,0.00470899
3,0.924185,0.00522139
4,0.918465,0.00638284
5,0.916327,0.00698914
