Iteration,rel. Discrepancy,Norm
0,1,0
1,0.926852,0.00812828
2,0.906687,0.0106909
3,0.895366,0.0127986
4,0.889697,0.0143061
5,0.881786,0.0175203
