Iteration,rel. Discrepancy,Norm
0,1,0
1,0.829152,0.0828299
2,0.76157,0.123454
3,0.734313,0.149589
4,0.674938,0.241647
5,0.605401,0.371402
6,0.544605,0.490923
