Iteration,rel. Discrepancy,Norm
0,1,0
1,0.867158,0.00593406
2,0.753729,0.0123972
