Tolerance,Required Steps
0.9,1
0.9,1
0.854145,1
0.810626,1
0.769325,2
0.730128,3
0.692928,4
0.657623,4
0.624117,5
0.592318,5
0.56214,7
0.533499,10
0.672776,11
0.701821,14
0.764951,16
0.793537,18
0.870469,18
0.889952,6
0.995056,2
